NumIntervals,NumThreads,PiValue,ElaspsedTime(s)
10000000,1,3.141592653589731,0.064916
10000000,2,3.141592653589985,0.079536
10000000,3,3.141592653589912,0.066135
10000000,4,3.141592653589686,0.067630
10000000,5,3.141592653589715,0.066980
10000000,6,3.141592653589770,0.066900
10000000,7,3.141592653589796,0.066023
10000000,8,3.141592653589807,0.066537
10000000,9,3.141592653589794,0.083645
10000000,10,3.141592653589793,0.067292
