NumIntervals,NumThreads,PiValue,ElaspsedTime(s)
10000000,1,3.141592653589731,0.063784
10000000,2,3.141592653589985,0.083262
10000000,3,3.141592653589912,0.061529
10000000,4,3.141592653589686,0.060354
10000000,5,3.141592653589714,0.064673
10000000,6,3.141592653589771,0.061967
10000000,7,3.141592653589796,0.061729
10000000,8,3.141592653589807,0.062873
10000000,9,3.141592653589794,0.061885
10000000,10,3.141592653589793,0.062072
