NumIntervals,NumThreads,PiValue,ElaspsedTime(s)
10000000,1,3.141592653589731,0.058245
10000000,2,3.141592653589985,0.081654
10000000,3,3.141592653589912,0.067461
10000000,4,3.141592653589686,0.062668
10000000,5,3.141592653589715,0.063188
10000000,6,3.141592653589770,0.064106
10000000,7,3.141592653589796,0.063210
10000000,8,3.141592653589807,0.063586
10000000,9,3.141592653589794,0.063617
10000000,10,3.141592653589793,0.065118
